"127958","kadalamittai","1446","2009-06-24 02:53:50","4"
"438339","RoR","6029","2010-09-02 19:43:41","2"
"407547","Bart Vandendriessche","1232","2010-07-31 16:34:30","7"
"3807248","Pramod Nikumbh","1159","2014-07-05 07:32:53","0"
"2774724","Vu Nguyen","2213","2013-09-13 00:57:53","1"
"1060207","Zachary Schuessler","3133","2011-11-22 16:32:21","1"
"476906","Bert Goethals","7549","2010-10-15 13:05:12","9"
"3802712","mohsaied","1324","2014-07-03 17:19:18","6"
"77501","Andrew Lavers","6685","2009-03-13 01:32:06","42"
"1472286","PGreen","1736","2012-06-21 13:43:47","0"
"1904754","Zach Mertes","2449","2012-12-14 17:32:00","137"
"898266","bento","1926","2011-08-17 08:47:52","10"
"2153762","hybridcattt","2483","2013-03-10 12:37:00","24"
"735987","karthick kumar","1081","2011-05-03 10:57:07","0"
"127961","Elliott Hughes","4427","2009-06-24 03:00:45","5"
"906404","Blau","5497","2011-08-22 18:03:21","15"
"11449","Roel","15435","2008-09-16 08:03:12","51"
"396986","Dave McNulla","1671","2010-07-20 15:41:03","26"
"8187134","iur","1007","2017-06-20 07:44:46","6"
"1891675","Damiano Barbati","1345","2011-02-21 16:52:43","6"
"416554","Peter","1346","2010-08-10 19:54:17","13"
"2024950","Rahul Bhadana","2856","2013-01-30 10:32:44","1"
"58668","Jonas KÃ¶lker","6000","2009-01-24 21:06:40","8"
"802799","Arnab Chakraborty","5158","2011-06-17 06:48:20","22"
"563279","Lars Wiegman","2002","2011-01-04 23:21:31","0"
