"49746","Todd","20025","2008-12-29 05:46:29","463"
"2396539","Aniket Thakur","44036","2013-05-18 10:06:46","205"
"176769","karlphillip","75708","2009-09-21 20:07:32","394"
"3959875","wOxxOm","28376","2014-08-20 11:00:19","993"
"166538","manji","42796","2009-09-01 10:58:10","19"
"2998","Stephen Darlington","46284","2008-08-26 11:02:37","26"
"128165","Gabriele Petrioli","153296","2009-06-24 11:35:15","614"
"661872","Lawrence Cherone","33922","2011-03-16 05:16:13","3093"
"6210","MSN","45302","2008-09-12 23:19:12","17"
"947357","A.H.","47387","2011-09-14 22:05:17","44"
"217408","Günter Zöchbauer","346879","2009-11-23 22:46:16","521"
"781792","Tim S.","46613","2011-06-02 20:14:00","63"
"216063","Gregory Pakosz","59791","2009-11-21 12:11:01","927"
"852828","jrturton","107184","2011-07-19 21:01:44","1086"
"548225","anubhava","541523","2010-12-20 05:10:40","999"
"43927","rob","29226","2008-12-06 13:06:44","20"
"3150943","nu11p01n73R","23211","2014-01-01 09:46:32","49"
"18017","Airsource Ltd","24319","2008-09-18 17:44:03","88"
"10396","AShelly","26597","2008-09-15 22:53:41","192"
"353790","RobertPitt","45749","2010-05-29 23:22:01","97"
"1305696","Daniel","30259","2012-04-01 00:45:30","1"
"634419","Anomie","75720","2011-02-25 15:51:07","23"
"56285","Jonik","53389","2009-01-17 21:31:18","196"
"612253","Highly Irregular","20448","2011-02-10 23:12:12","8"
"1499781","Zoltan Toth","41845","2011-10-05 20:10:59","48"
